{"cameraMode":{"drawMode":0,"name":"Shaded","section":"Shading Mode"},"sceneLighting":false,"audioPlay":false,"sceneViewState":{"showFog":true,"showMaterialUpdate":false,"showSkybox":false,"showFlares":true,"showImageEffects":true,"showParticleSystems":true},"in2DMode":false,"pivot":{"x":12.687376022338868,"y":3.4079854488372804,"z":7.8211822509765629},"rotation":{"x":0.009122169576585293,"y":-0.9776877164840698,"z":0.20532242953777314,"w":0.04343650862574577},"size":5.7151198387146,"orthographic":false}