{"cameraMode":{"drawMode":0,"name":"Shaded","section":"Shading Mode"},"sceneLighting":false,"audioPlay":false,"sceneViewState":{"showFog":true,"showMaterialUpdate":false,"showSkybox":false,"showFlares":true,"showImageEffects":true,"showParticleSystems":true},"in2DMode":false,"pivot":{"x":14.19365119934082,"y":4.909839630126953,"z":5.802091598510742},"rotation":{"x":0.16579338908195496,"y":-0.6922245025634766,"z":0.16829875111579896,"w":0.6819189190864563},"size":7.08868932723999,"orthographic":false}