{"cameraMode":{"drawMode":0,"name":"Shaded","section":"Shading Mode"},"sceneLighting":false,"audioPlay":false,"sceneViewState":{"showFog":true,"showMaterialUpdate":false,"showSkybox":false,"showFlares":true,"showImageEffects":true,"showParticleSystems":true},"in2DMode":false,"pivot":{"x":26.001808166503908,"y":9.260223388671875,"z":5.48858642578125},"rotation":{"x":0.009122169576585293,"y":-0.9776877164840698,"z":0.20532242953777314,"w":0.04343650862574577},"size":5.222189903259277,"orthographic":false}