{"cameraMode":{"drawMode":0,"name":"Shaded","section":"Shading Mode"},"sceneLighting":true,"audioPlay":false,"sceneViewState":{"showFog":true,"showMaterialUpdate":false,"showSkybox":true,"showFlares":true,"showImageEffects":true,"showParticleSystems":true},"in2DMode":false,"pivot":{"x":2.026404857635498,"y":7.068444728851318,"z":-10.722967147827149},"rotation":{"x":0.07229820638895035,"y":0.17472025752067567,"z":-0.012864460237324238,"w":0.9818775057792664},"size":2.1275579929351808,"orthographic":false}