{"cameraMode":{"drawMode":0,"name":"Shaded","section":"Shading Mode"},"sceneLighting":false,"audioPlay":false,"sceneViewState":{"showFog":true,"showMaterialUpdate":false,"showSkybox":false,"showFlares":true,"showImageEffects":true,"showParticleSystems":true},"in2DMode":false,"pivot":{"x":69.56999969482422,"y":72.0050048828125,"z":187.25},"rotation":{"x":0.006680530961602926,"y":0.9930990934371948,"z":-0.07162696868181229,"w":0.09262547641992569},"size":5.6497111320495609,"orthographic":false}