{"cameraMode":{"drawMode":0,"name":"Shaded","section":"Shading Mode"},"sceneLighting":false,"audioPlay":false,"sceneViewState":{"showFog":true,"showMaterialUpdate":false,"showSkybox":false,"showFlares":true,"showImageEffects":true,"showParticleSystems":true},"in2DMode":false,"pivot":{"x":91.61492156982422,"y":89.66213989257813,"z":170.02859497070313},"rotation":{"x":0.1521068662405014,"y":-0.6468176245689392,"z":0.13381202518939973,"w":0.7352480888366699},"size":6.835504531860352,"orthographic":false}