{"cameraMode":{"drawMode":0,"name":"Shaded","section":"Shading Mode"},"sceneLighting":false,"audioPlay":false,"sceneViewState":{"showFog":true,"showMaterialUpdate":true,"showSkybox":false,"showFlares":true,"showImageEffects":true,"showParticleSystems":true},"in2DMode":false,"pivot":{"x":26.001808166503908,"y":9.260223388671875,"z":5.48858642578125},"rotation":{"x":0.009470869787037373,"y":0.9857789874076843,"z":-0.15686985850334168,"w":0.05951555073261261},"size":5.222189903259277,"orthographic":false}