{"cameraMode":{"drawMode":0,"name":"Shaded","section":"Shading Mode"},"sceneLighting":false,"audioPlay":false,"sceneViewState":{"showFog":true,"showMaterialUpdate":true,"showSkybox":false,"showFlares":true,"showImageEffects":true,"showParticleSystems":true},"in2DMode":false,"pivot":{"x":11.489920616149903,"y":-1.4431524276733399,"z":-0.9581518173217773},"rotation":{"x":-0.0020676134154200556,"y":0.9578441381454468,"z":-0.28719958662986758,"w":-0.006895668338984251},"size":9.021217346191407,"orthographic":false}