{"cameraMode":{"drawMode":0,"name":"Shaded","section":"Shading Mode"},"sceneLighting":false,"audioPlay":false,"sceneViewState":{"showFog":true,"showMaterialUpdate":true,"showSkybox":false,"showFlares":true,"showImageEffects":true,"showParticleSystems":true},"in2DMode":false,"pivot":{"x":10.378363609313965,"y":-2.130653142929077,"z":-5.565762042999268},"rotation":{"x":-0.010250060819089413,"y":0.9740190505981445,"z":-0.22170911729335786,"w":-0.045030780136585239},"size":4.604706764221191,"orthographic":false}