{"cameraMode":{"drawMode":0,"name":"Shaded","section":"Shading Mode"},"sceneLighting":false,"audioPlay":false,"sceneViewState":{"showFog":true,"showMaterialUpdate":true,"showSkybox":false,"showFlares":true,"showImageEffects":true,"showParticleSystems":true},"in2DMode":false,"pivot":{"x":11.190173149108887,"y":-3.4700000286102297,"z":-4.850442409515381},"rotation":{"x":-0.010250060819089413,"y":0.9740190505981445,"z":-0.22170911729335786,"w":-0.045030780136585239},"size":2.0700221061706545,"orthographic":false}