{"cameraMode":{"drawMode":0,"name":"Shaded","section":"Shading Mode"},"sceneLighting":false,"audioPlay":false,"sceneViewState":{"showFog":true,"showMaterialUpdate":true,"showSkybox":false,"showFlares":true,"showImageEffects":true,"showParticleSystems":true},"in2DMode":false,"pivot":{"x":12.914754867553711,"y":14.713987350463868,"z":13.00120735168457},"rotation":{"x":-0.022070107981562616,"y":0.9558336734771729,"z":-0.28347429633140566,"w":-0.07441718131303787},"size":36.948787689208987,"orthographic":false}