{"cameraMode":{"drawMode":0,"name":"Shaded","section":"Shading Mode"},"sceneLighting":true,"audioPlay":false,"sceneViewState":{"showFog":true,"showMaterialUpdate":true,"showSkybox":true,"showFlares":true,"showImageEffects":true,"showParticleSystems":true},"in2DMode":false,"pivot":{"x":6.995052814483643,"y":0.9757577180862427,"z":0.8458101153373718},"rotation":{"x":-0.028294485062360765,"y":-0.880088210105896,"z":-0.05286880210042,"w":0.4710097908973694},"size":1.683339238166809,"orthographic":false}