{"cameraMode":{"drawMode":0,"name":"Shaded","section":"Shading Mode"},"sceneLighting":false,"audioPlay":false,"sceneViewState":{"showFog":true,"showMaterialUpdate":true,"showSkybox":false,"showFlares":true,"showImageEffects":true,"showParticleSystems":true},"in2DMode":false,"pivot":{"x":12.663396835327149,"y":3.4079854488372804,"z":7.8211822509765629},"rotation":{"x":-0.12456928938627243,"y":0.13087591528892518,"z":-0.01657876931130886,"w":-0.9834036827087402},"size":5.704570293426514,"orthographic":false}