{"cameraMode":{"drawMode":0,"name":"Shaded","section":"Shading Mode"},"sceneLighting":true,"audioPlay":false,"sceneViewState":{"showFog":true,"showMaterialUpdate":true,"showSkybox":true,"showFlares":true,"showImageEffects":true,"showParticleSystems":true},"in2DMode":false,"pivot":{"x":0.0,"y":0.4700000286102295,"z":6.114999771118164},"rotation":{"x":-0.0014598371926695109,"y":0.9983016848564148,"z":-0.028768489137291909,"w":-0.05065630376338959},"size":7.103302955627441,"orthographic":false}