{"cameraMode":{"drawMode":0,"name":"Shaded","section":"Shading Mode"},"sceneLighting":false,"audioPlay":false,"sceneViewState":{"showFog":true,"showMaterialUpdate":true,"showSkybox":false,"showFlares":true,"showImageEffects":true,"showParticleSystems":true},"in2DMode":false,"pivot":{"x":18.0,"y":4.29945182800293,"z":5.998147964477539},"rotation":{"x":0.009470869787037373,"y":0.9857789874076843,"z":-0.15686985850334168,"w":0.05951555073261261},"size":5.66619348526001,"orthographic":false}