{"cameraMode":{"drawMode":0,"name":"Shaded","section":"Shading Mode"},"sceneLighting":false,"audioPlay":false,"sceneViewState":{"showFog":true,"showMaterialUpdate":true,"showSkybox":false,"showFlares":true,"showImageEffects":true,"showParticleSystems":true},"in2DMode":false,"pivot":{"x":13.164060592651368,"y":-3.515000104904175,"z":-1.6057767868041993},"rotation":{"x":-0.010250060819089413,"y":0.9740190505981445,"z":-0.22170911729335786,"w":-0.045030780136585239},"size":5.66619348526001,"orthographic":false}