{"cameraMode":{"drawMode":0,"name":"Shaded","section":"Shading Mode"},"sceneLighting":false,"audioPlay":false,"sceneViewState":{"showFog":true,"showMaterialUpdate":true,"showSkybox":false,"showFlares":true,"showImageEffects":true,"showParticleSystems":true},"in2DMode":false,"pivot":{"x":5.24699592590332,"y":1.9643256664276124,"z":3.900902509689331},"rotation":{"x":-0.010250060819089413,"y":0.9740190505981445,"z":-0.22170911729335786,"w":-0.045030780136585239},"size":2.9706368446350099,"orthographic":false}