{"cameraMode":{"drawMode":0,"name":"Shaded","section":"Shading Mode"},"sceneLighting":true,"audioPlay":false,"sceneViewState":{"showFog":true,"showMaterialUpdate":true,"showSkybox":true,"showFlares":true,"showImageEffects":true,"showParticleSystems":true},"in2DMode":false,"pivot":{"x":24.99309539794922,"y":-3.1851513385772707,"z":2.984976291656494},"rotation":{"x":-0.009459150955080986,"y":0.9719394445419312,"z":-0.23167850077152253,"w":-0.0396805964410305},"size":10.279147148132325,"orthographic":false}