{"cameraMode":{"drawMode":0,"name":"Shaded","section":"Shading Mode"},"sceneLighting":false,"audioPlay":false,"sceneViewState":{"showFog":true,"showMaterialUpdate":true,"showSkybox":false,"showFlares":true,"showImageEffects":true,"showParticleSystems":true},"in2DMode":false,"pivot":{"x":36.097373962402347,"y":19.87552261352539,"z":25.490310668945314},"rotation":{"x":-0.022070107981562616,"y":0.9558336734771729,"z":-0.28347429633140566,"w":-0.07441718131303787},"size":5.66619348526001,"orthographic":false}