{"cameraMode":{"drawMode":0,"name":"Shaded","section":"Shading Mode"},"sceneLighting":false,"audioPlay":false,"sceneViewState":{"showFog":true,"showMaterialUpdate":true,"showSkybox":false,"showFlares":true,"showImageEffects":true,"showParticleSystems":true},"in2DMode":false,"pivot":{"x":31.714256286621095,"y":20.308902740478517,"z":27.219505310058595},"rotation":{"x":0.009470869787037373,"y":0.9857789874076843,"z":-0.15686985850334168,"w":0.05951555073261261},"size":5.704570293426514,"orthographic":false}