{"cameraMode":{"drawMode":0,"name":"Shaded","section":"Shading Mode"},"sceneLighting":false,"audioPlay":false,"sceneViewState":{"showFog":true,"showMaterialUpdate":true,"showSkybox":false,"showFlares":true,"showImageEffects":true,"showParticleSystems":true},"in2DMode":false,"pivot":{"x":35.03828048706055,"y":20.890487670898439,"z":26.13570785522461},"rotation":{"x":-0.022070107981562616,"y":0.9558336734771729,"z":-0.28347429633140566,"w":-0.07441718131303787},"size":9.562310218811036,"orthographic":false}