{"cameraMode":{"drawMode":0,"name":"Shaded","section":"Shading Mode"},"sceneLighting":false,"audioPlay":false,"sceneViewState":{"showFog":true,"showMaterialUpdate":true,"showSkybox":false,"showFlares":true,"showImageEffects":true,"showParticleSystems":true},"in2DMode":false,"pivot":{"x":34.33436965942383,"y":20.324871063232423,"z":26.490942001342775},"rotation":{"x":0.009470869787037373,"y":0.9857789874076843,"z":-0.15686985850334168,"w":0.05951555073261261},"size":5.66619348526001,"orthographic":false}