{"cameraMode":{"drawMode":0,"name":"Shaded","section":"Shading Mode"},"sceneLighting":false,"audioPlay":false,"sceneViewState":{"showFog":true,"showMaterialUpdate":true,"showSkybox":false,"showFlares":true,"showImageEffects":true,"showParticleSystems":true},"in2DMode":false,"pivot":{"x":9.594411849975586,"y":-0.9280648231506348,"z":-1.927659034729004},"rotation":{"x":0.0765576958656311,"y":-0.8849406242370606,"z":0.15692144632339478,"w":0.43173685669898989},"size":5.66619348526001,"orthographic":false}