{"cameraMode":{"drawMode":0,"name":"Shaded","section":"Shading Mode"},"sceneLighting":false,"audioPlay":false,"sceneViewState":{"showFog":true,"showMaterialUpdate":true,"showSkybox":false,"showFlares":true,"showImageEffects":true,"showParticleSystems":true},"in2DMode":false,"pivot":{"x":16.882938385009767,"y":-3.6200637817382814,"z":15.46609115600586},"rotation":{"x":-0.022070107981562616,"y":0.9558336734771729,"z":-0.28347429633140566,"w":-0.07441718131303787},"size":5.66619348526001,"orthographic":false}