{"cameraMode":{"drawMode":0,"name":"Shaded","section":"Shading Mode"},"sceneLighting":false,"audioPlay":false,"sceneViewState":{"showFog":true,"showMaterialUpdate":true,"showSkybox":false,"showFlares":true,"showImageEffects":true,"showParticleSystems":true},"in2DMode":false,"pivot":{"x":-0.018656611442565919,"y":0.6638273000717163,"z":0.0},"rotation":{"x":-0.009649738669395447,"y":0.983086109161377,"z":-0.1746390163898468,"w":-0.054320599883794788},"size":1.3756828308105469,"orthographic":false}