{"cameraMode":{"drawMode":0,"name":"Shaded","section":"Shading Mode"},"sceneLighting":false,"audioPlay":false,"sceneViewState":{"showFog":true,"showMaterialUpdate":true,"showSkybox":false,"showFlares":true,"showImageEffects":true,"showParticleSystems":true},"in2DMode":false,"pivot":{"x":15.299999237060547,"y":0.41499996185302737,"z":5.098148345947266},"rotation":{"x":-0.1566942036151886,"y":-0.41878920793533327,"z":0.07361336797475815,"w":-0.8914300799369812},"size":5.66619348526001,"orthographic":false}