{"cameraMode":{"drawMode":0,"name":"Shaded","section":"Shading Mode"},"sceneLighting":false,"audioPlay":false,"sceneViewState":{"showFog":true,"showMaterialUpdate":true,"showSkybox":false,"showFlares":true,"showImageEffects":true,"showParticleSystems":true},"in2DMode":false,"pivot":{"x":19.45646095275879,"y":5.505560874938965,"z":6.365021705627441},"rotation":{"x":-0.12456928938627243,"y":0.13087591528892518,"z":-0.01657876931130886,"w":-0.9834036827087402},"size":5.66619348526001,"orthographic":false}