{"cameraMode":{"drawMode":0,"name":"Shaded","section":"Shading Mode"},"sceneLighting":false,"audioPlay":false,"sceneViewState":{"showFog":true,"showMaterialUpdate":true,"showSkybox":false,"showFlares":true,"showImageEffects":true,"showParticleSystems":true},"in2DMode":false,"pivot":{"x":11.464054107666016,"y":-1.9120653867721558,"z":-3.8007965087890627},"rotation":{"x":-0.010250060819089413,"y":0.9740190505981445,"z":-0.22170911729335786,"w":-0.045030780136585239},"size":5.222189903259277,"orthographic":false}