{"cameraMode":{"drawMode":0,"name":"Shaded","section":"Shading Mode"},"sceneLighting":true,"audioPlay":false,"sceneViewState":{"showFog":true,"showMaterialUpdate":true,"showSkybox":true,"showFlares":true,"showImageEffects":true,"showParticleSystems":true},"in2DMode":false,"pivot":{"x":1.5263900756835938,"y":-1.2937688827514649,"z":9.507284164428711},"rotation":{"x":-0.21213017404079438,"y":0.7393181324005127,"z":-0.27097001671791079,"w":-0.5787789821624756},"size":7.586818218231201,"orthographic":false}