{"cameraMode":{"drawMode":0,"name":"Shaded","section":"Shading Mode"},"sceneLighting":false,"audioPlay":false,"sceneViewState":{"showFog":true,"showMaterialUpdate":true,"showSkybox":false,"showFlares":true,"showImageEffects":true,"showParticleSystems":true},"in2DMode":false,"pivot":{"x":11.557218551635743,"y":-0.20802339911460877,"z":-4.294021129608154},"rotation":{"x":-0.009649738669395447,"y":0.983086109161377,"z":-0.1746390163898468,"w":-0.054320599883794788},"size":4.399349689483643,"orthographic":false}